timestamp,type,category,symbol,side,price,qty,value,fee,fee_currency,order_id,exec_id,is_maker,pnl,slippage,spread,coin,tx_id,status
2025-08-09T02:00:00,trade,unknown,ARBUSDT,Buy,0.4338,9279,4025.2302,0.40252302,,1220f788-0fa0-4d5a-b81c-a2b2b2cfef69,53bb1495-f9c6-4eaa-8d89-84dd5b21b24a,False,,0,0.0015999999999999903,,,completed
2025-08-09T02:00:00,trade,unknown,BNBUSDT,Sell,793.02,11.72,9294.1944,0.9559079,,587027e8-98ca-46a8-b507-abadeaf5abc8,535263f0-1872-4440-8ca5-a73f506ebcdf,False,,0,1.580000000000041,,,completed
2025-08-09T01:09:19.773000,trade,unknown,LTCUSDT,Sell,124.11,18.7,2320.857,0.4641714,,0c71b010-6a80-4eda-a60e-11501206d357,43c2e392-d8f9-4d12-8229-10d1c02182df,True,,0.0,0.0,,,completed
2025-08-09T01:09:19.773000,pnl,unknown,LTCUSDT,Sell,124.11,18.7,,0,,0c71b010-6a80-4eda-a60e-11501206d357,,,-0.9283428,0,0,,,completed
2025-08-09T01:09:16.352000,trade,unknown,LTCUSDT,Buy,124.11,18.7,2320.857,0.4641714,,d905dd39-62d0-4390-bcc4-3ab4907f4191,41e92421-bd29-496c-90cd-318d73b38aa8,True,,0.0,0.010000000000005116,,,completed
2025-08-09T01:03:30.566000,trade,unknown,BNBUSDT,Sell,794.9,2.93,2329.057,0.4658114,,3deb0935-45b4-479c-b125-92c0b30e5e98,7ffaf646-ee21-467f-a6dc-15fb25cce6d9,True,,0.0,0.09000000000003183,,,completed
2025-08-09T01:03:30.566000,trade,unknown,BNBUSDT,Sell,794.9,2.93,2329.057,0.4658114,,49e27632-f00b-4b31-b117-40a8e690b446,c7ca9715-dcaa-434f-ba34-9c910fd16eac,True,,0.0,0.14999999999997726,,,completed
2025-08-09T01:02:50.566000,trade,unknown,BNBUSDT,Sell,794.8,2.93,2328.764,0.4657528,,f949ab52-315f-40ba-ae53-d77c05280a0c,1c42084a-1c5b-4a10-867d-029d979e0531,True,,0.0,0.09999999999990905,,,completed
2025-08-09T01:02:50.566000,trade,unknown,BNBUSDT,Sell,794.8,2.93,2328.764,0.4657528,,928849b2-79fd-45fb-a07c-c5372f1a3f06,7c3ab3a3-05ba-432e-8867-2392a7b9fb9a,True,,0.0,0.09999999999990905,,,completed
2025-08-09T01:00:18.422000,trade,unknown,LTCUSDT,Buy,124.07,18.7,2320.109,0.4640218,,378fffda-7786-4857-a614-4c7488aabce7,ad67f625-0cdc-4c54-9185-587b0e7cb66f,True,,0.0,0.010000000000005116,,,completed
2025-08-09T01:00:18.422000,pnl,unknown,LTCUSDT,Buy,124.07,18.7,,0,,378fffda-7786-4857-a614-4c7488aabce7,,,8.4200864,0,0,,,completed
2025-08-09T00:52:15.916000,trade,unknown,BNBUSDT,Buy,794.9,2.93,2329.057,0.4658114,,7490647f-7084-42a2-a56f-10d0100bf3ce,3b47ede2-17fe-42e4-826c-0c1e846d8392,True,,0.0,0.20000000000004547,,,completed
2025-08-09T00:52:15.916000,pnl,unknown,BNBUSDT,Buy,794.9,2.93,,0,,7490647f-7084-42a2-a56f-10d0100bf3ce,,,-0.0527986,0,0,,,completed
2025-08-09T00:49:05.586000,trade,unknown,BNBUSDT,Sell,795.2,2.93,2329.936,0.4659872,,b6333e27-e85e-49ad-9314-5b9296070a78,4b5b5485-7790-420b-b975-c66d18882f49,True,,0.0,0.10000000000002274,,,completed
2025-08-09T00:42:45.595000,trade,unknown,LINKUSDT,Buy,19.732,378,7458.696,1.4917392,,e54a66f5-e7f5-4378-8870-2ef5c5242b13,0b63a812-af66-4ef4-8a76-f92d388149e4,True,,0.0,0.0070000000000014495,,,completed
2025-08-09T00:42:45.595000,pnl,unknown,LINKUSDT,Buy,19.732,378,,0,,e54a66f5-e7f5-4378-8870-2ef5c5242b13,,,32.5414152,0,0,,,completed
2025-08-09T00:38:01.916000,trade,unknown,BNBUSDT,Buy,795.4,2.92,2322.568,0.4645136,,8a826202-e389-491a-8914-368e76464ee1,95fb7819-3f80-4a19-8adf-fd07d8c25caf,True,,0.0,0.20000000000004547,,,completed
2025-08-09T00:38:01.916000,pnl,unknown,BNBUSDT,Buy,795.4,2.92,,0,,8a826202-e389-491a-8914-368e76464ee1,,,-0.0532024,0,0,,,completed
2025-08-09T00:37:06.356000,trade,unknown,BNBUSDT,Sell,795.7,2.92,2323.444,0.4646888,,2cd7d47c-9b63-45eb-b745-0220845df741,d072f932-6a29-45a6-a2b9-3aa4e7a9daea,True,,0.0,0.12000000000000455,,,completed
2025-08-09T00:30:04.282000,trade,unknown,LTCUSDT,Sell,124.57,18.7,2329.459,0.4658918,,a1801bcd-ce15-47bd-b798-3dbb6aeff8c9,5ef65f4a-05c4-4913-a80f-870fedcbe0fb,True,,0.0,0.009999999999990905,,,completed
2025-08-09T00:26:29.945000,trade,unknown,LINKUSDT,Sell,19.826,378,7494.228,1.4988456,,ab92fcdf-8e46-4e9a-bf46-63c98fdf1f34,42c8fb99-1621-4bca-8bed-f12372ca3aec,True,,0.0,0.0010000000000012221,,,completed
2025-08-09T00:25:06.246000,trade,unknown,BNBUSDT,Sell,796.8,5.84,4653.312,0.9306624,,ea66f24c-51f2-4c37-b4f9-9f7478f085e5,3920ccdd-f89a-44cf-b3e7-1eb182290f9d,True,,0.0,0.16999999999995907,,,completed
2025-08-09T00:25:06.246000,pnl,unknown,BNBUSDT,Sell,796.8,5.84,,0,,ea66f24c-51f2-4c37-b4f9-9f7478f085e5,,,-3.0295584,0,0,,,completed
2025-08-09T00:22:54.626000,trade,unknown,BNBUSDT,Buy,797,2.92,2327.24,0.465448,,be56c763-c400-4342-a075-ca6b81f55c38,c42d5080-ca44-4912-b577-931028bf39f1,True,,0.0,0.20000000000004547,,,completed
2025-08-09T00:22:54.626000,trade,unknown,BNBUSDT,Buy,797,2.92,2327.24,0.465448,,f92ef344-9c63-47bc-8fb6-92f5d210177f,27719435-f359-4b4e-a618-5e3d052d4810,True,,0.0,0.2799999999999727,,,completed
2025-08-09T00:22:38.165000,trade,unknown,LINKUSDT,Buy,19.787,565,11179.655,2.235931,,07738f5e-038f-4cf5-ac8e-7592dd807623,9a488a8d-c181-45f4-abbc-821360483928,True,,0.0,0.008000000000002672,,,completed
2025-08-09T00:22:38.165000,pnl,unknown,LINKUSDT,Buy,19.787,565,,0,,07738f5e-038f-4cf5-ac8e-7592dd807623,,,-42.0368475,0,0,,,completed
2025-08-09T00:16:19.127000,trade,unknown,DOGEUSDT,Buy,0.2306,20739,4782.4134,0.95648268,,9f4abc9f-578a-453d-bd66-f6650ca1c978,bb2fb35f-5b2e-436b-97ba-414ca866b886,True,,0.0,1.9999999999992246e-05,,,completed
2025-08-09T00:16:19.127000,pnl,unknown,DOGEUSDT,Buy,0.2306,20739,,0,,9f4abc9f-578a-453d-bd66-f6650ca1c978,,,-22.64781756,0,0,,,completed
2025-08-09T00:09:41.785000,trade,unknown,LINKUSDT,Sell,19.728,282.5,5573.16,1.114632,,116dde72-f367-4d60-95fc-15ba8ec7557e,70c997c6-39d4-4b24-80b0-f3454e9c0361,True,,0.0,0.006000000000000227,,,completed
2025-08-09T00:09:14.857000,trade,unknown,LINKUSDT,Sell,19.713,282.5,5568.9225,1.1137845,,012109dc-bb6f-4c81-a476-3049c63c045b,1fdb3c09-d542-4e9b-ba01-52a64609f5f8,True,,0.0,0.004000000000001336,,,completed
2025-08-09T00:04:43.316000,trade,unknown,BNBUSDT,Sell,796,5.84,4648.64,0.929728,,cbb28e72-6579-4db9-85b7-e2214ed3e6bf,4c86632d-969e-4d4b-863a-e1a3efeea824,True,,0.0,0.19000000000005457,,,completed
2025-08-09T00:04:43.316000,pnl,unknown,BNBUSDT,Sell,796,5.84,,0,,cbb28e72-6579-4db9-85b7-e2214ed3e6bf,,,-0.6912224,0,0,,,completed
2025-08-09T00:02:29.652000,trade,unknown,LTCUSDT,Buy,124.73,18.7,2332.451,0.4664902,,e16a5dd2-3adf-4266-b9e1-1a4e1003e3c3,ee814afb-2b3b-4bce-8a9c-320136fec288,True,,0.0,0.0,,,completed
2025-08-09T00:02:29.652000,pnl,unknown,LTCUSDT,Buy,124.73,18.7,,0,,e16a5dd2-3adf-4266-b9e1-1a4e1003e3c3,,,-2.4286812,0,0,,,completed
2025-08-08T23:56:22.122000,trade,unknown,LTCUSDT,Sell,124.65,18.7,2330.955,0.466191,,efc910ca-b2a4-4412-9e89-b96d5e91e46f,3ca464d5-a85a-4ec9-b7f0-605be050ed77,True,,0.0,0.009999999999990905,,,completed
2025-08-08T23:55:21.896000,trade,unknown,BNBUSDT,Buy,795.8,2.92,2323.736,0.4647472,,0e63e658-f310-43b9-8bd2-9e50e3613652,28248df7-8fbb-4e77-bdd4-5ecf1fbb14d6,True,,0.0,0.20000000000004547,,,completed
2025-08-08T23:55:21.896000,trade,unknown,BNBUSDT,Buy,795.8,2.92,2323.736,0.4647472,,1ad04d0f-7118-471a-9484-eac8eef97036,5bd751b6-b57e-472d-a8cc-edf8a6a7f577,True,,0.0,0.20000000000004547,,,completed
2025-08-08T23:48:16.506000,trade,unknown,BNBUSDT,Sell,795.7,5.84,4646.888,0.9293776,,0b7850d9-b8d3-4bdc-a97e-5ada1e70ff88,74693af0-bb8d-4d00-86c4-b7ee3d80e75c,True,,0.0,0.20000000000004547,,,completed
2025-08-08T23:48:16.506000,pnl,unknown,BNBUSDT,Sell,795.7,5.84,,0,,0b7850d9-b8d3-4bdc-a97e-5ada1e70ff88,,,2.8141792,0,0,,,completed
2025-08-08T23:46:41.557000,trade,unknown,DOGEUSDT,Sell,0.2296,20739,4761.6744,0.95233488,,65b17e14-7898-41e7-bf9d-25c9a70fb279,c6cd9104-f776-4c96-ba81-2d0fc17510f7,True,,0.0,0.0,,,completed
2025-08-08T23:40:00.036000,trade,unknown,BNBUSDT,Buy,794.9,2.92,2321.108,0.4642216,,2e9a27bb-222c-408a-b063-dc773cd617f6,e4f21139-562f-4fa5-9be9-e6c94cf79a98,True,,0.0,0.20000000000004547,,,completed
2025-08-08T23:40:00.036000,trade,unknown,BNBUSDT,Buy,794.9,2.92,2321.108,0.4642216,,638118c0-b1ac-43c6-b52b-b2099c08f093,6e6ea4c8-4009-4c59-bf69-f3aead220457,True,,0.0,0.20000000000004547,,,completed
2025-08-08T23:39:02.456000,trade,unknown,BNBUSDT,Buy,794.8,5.86,4657.528,0.9315056,,05c52c49-0447-4993-b939-cebf622a66fa,e127dcc5-24d2-4d94-bbcf-82cb57aff2fe,True,,0.0,0.20000000000004547,,,completed
2025-08-08T23:39:02.456000,pnl,unknown,BNBUSDT,Buy,794.8,5.86,,0,,05c52c49-0447-4993-b939-cebf622a66fa,,,1.0664028,0,0,,,completed
2025-08-08T23:32:55.736000,trade,unknown,BNBUSDT,Sell,795.3,2.93,2330.229,0.4660458,,17b10aa4-3b16-4a85-af3d-76aece9c0473,6f52f961-66d1-4c47-a5f5-f3e212a8f771,True,,0.0,0.09999999999990905,,,completed
2025-08-08T23:32:55.736000,trade,unknown,BNBUSDT,Sell,795.3,2.93,2330.229,0.4660458,,0b90e5c1-909d-4be6-a9dc-501942372807,5726318f-6bd0-47cf-bb12-edc011b1add5,True,,0.0,0.1999999999999318,,,completed
2025-08-08T23:30:44.896000,trade,unknown,BNBUSDT,Sell,795.4,5.84,4645.136,0.9290272,,052dfa15-6923-48ad-8c9f-6335a0364c4d,87d0c22b-47d0-4e3a-9b28-3d5f0750d4c4,True,,0.0,0.1999999999999318,,,completed
2025-08-08T23:30:44.896000,pnl,unknown,BNBUSDT,Sell,795.4,5.84,,0,,052dfa15-6923-48ad-8c9f-6335a0364c4d,,,1.9387048,0,0,,,completed
2025-08-08T23:20:23.822000,trade,unknown,LTCUSDT,Sell,125.2,18.6,2328.72,0.465744,,83c47b26-33cc-4606-97d2-427f0ffb735f,3f64e962-72db-487c-94b4-8d7a203beb2a,True,,0.0,0.0,,,completed
2025-08-08T23:20:23.822000,pnl,unknown,LTCUSDT,Sell,125.2,18.6,,0,,83c47b26-33cc-4606-97d2-427f0ffb735f,,,5.9518884,0,0,,,completed
2025-08-08T23:17:51.146000,trade,unknown,BNBUSDT,Buy,794.5,2.92,2319.94,0.463988,,5e568b33-9032-4141-98a4-6d139d255664,0c4372aa-0e16-49a6-8bd1-8df27792fd0a,True,,0.0,0.32000000000005,,,completed
2025-08-08T23:16:59.206000,trade,unknown,BNBUSDT,Buy,795,2.92,2321.4,0.46428,,3d7e54ae-b83a-4e45-a2a0-3a78587b627a,27f68b2c-af26-41cd-acde-49199c308ba3,True,,0.0,0.2599999999999909,,,completed
2025-08-08T23:08:15.943000,trade,unknown,BNBUSDT,Sell,795.3,5.84,4644.552,0.9289104,,cbec982c-d618-43b9-9b93-9722435f8a22,e987dfa0-7c5d-4790-9cf6-6b47caf952c7,True,,0.0,0.1999999999999318,,,completed
2025-08-08T23:08:15.943000,pnl,unknown,BNBUSDT,Sell,795.3,5.84,,0,,cbec982c-d618-43b9-9b93-9722435f8a22,,,-3.0260544,0,0,,,completed
2025-08-08T23:06:46.512000,trade,unknown,LTCUSDT,Buy,124.83,18.6,2321.838,0.4643676,,1e163462-0e2f-4044-bdb8-d61523221a41,41487d5a-bcef-4782-a3cf-e7f91f194300,True,,0.0,0.030000000000001137,,,completed
2025-08-08T23:05:53.956000,trade,unknown,BNBUSDT,Buy,795.5,2.92,2322.86,0.464572,,fb64cf10-cc71-4601-ba4f-bd7527317073,ddcf6985-fa62-4401-821a-7b8d00f146a0,True,,0.0,0.10000000000002274,,,completed
2025-08-08T23:05:53.956000,trade,unknown,BNBUSDT,Buy,795.5,2.92,2322.86,0.464572,,9623d3fc-283b-4225-acc8-50bee49c1695,f27a4f68-1be9-431c-8c80-ec21a815320f,True,,0.0,0.20000000000004547,,,completed
2025-08-08T22:58:00.446000,trade,unknown,BNBUSDT,Buy,794.4,5.86,4655.184,0.9310368,,538e7f72-1b55-4ca7-bdb3-8df50dcd15f5,a1398aa9-8a65-4734-b50e-785c5159cdd6,True,,0.0,0.20000000000004547,,,completed
2025-08-08T22:58:00.446000,pnl,unknown,BNBUSDT,Buy,794.4,5.86,,0,,538e7f72-1b55-4ca7-bdb3-8df50dcd15f5,,,-5.9632532,0,0,,,completed
2025-08-08T22:52:02.423000,trade,unknown,LTCUSDT,Sell,124.62,18.7,2330.394,0.4660788,,67c17d48-20ab-439d-9dcb-6f02478899b7,ba88f329-c2fe-4fd5-a40f-0fb418ea532c,True,,0.0,0.009999999999990905,,,completed
2025-08-08T22:52:02.423000,pnl,unknown,LTCUSDT,Sell,124.62,18.7,,0,,67c17d48-20ab-439d-9dcb-6f02478899b7,,,-1.3062324,0,0,,,completed
2025-08-08T22:49:05.812000,trade,unknown,LTCUSDT,Buy,124.64,18.7,2330.768,0.4661536,,51dfef62-0359-4e85-8d52-bd129a1cf755,e287eb7d-08d6-4d88-9f34-c9d30671fedd,True,,0.0,0.010000000000005116,,,completed
2025-08-08T22:47:00.357000,trade,unknown,DOGEUSDT,Buy,0.2291,20875,4782.4625,0.9564925,,819eac54-0aec-44e9-9c2a-e92393285730,9ff0cf38-fac8-4389-8a3b-6b274badbd0c,True,,0.0,3.0000000000002247e-05,,,completed
2025-08-08T22:47:00.357000,pnl,unknown,DOGEUSDT,Buy,0.2291,20875,,0,,819eac54-0aec-44e9-9c2a-e92393285730,,,-22.78381,0,0,,,completed
2025-08-08T22:32:32.606000,trade,unknown,BNBUSDT,Sell,793.7,2.93,2325.541,0.4651082,,44d257e9-b20c-4625-a250-df3029503455,dea5f480-1043-46b8-b2c9-7619931a8086,True,,0.0,0.10000000000002274,,,completed
2025-08-08T22:32:32.606000,trade,unknown,BNBUSDT,Sell,793.7,2.93,2325.541,0.4651082,,e9d860ff-eb98-4a97-bb58-54fda179445e,260a3870-7bdd-45bc-a052-ed8f82c60e9d,True,,0.0,0.20000000000004547,,,completed
2025-08-08T22:23:37.736000,trade,unknown,BNBUSDT,Buy,793.9,2.93,2326.127,0.4652254,,a821c34f-8d6d-4ec8-96f7-a73b036b576c,05e6c47e-cdb2-41e8-bdd8-c304a357e2a9,True,,0.0,0.20000000000004547,,,completed
2025-08-08T22:23:37.736000,pnl,unknown,BNBUSDT,Buy,793.9,2.93,,0,,a821c34f-8d6d-4ec8-96f7-a73b036b576c,,,1.120139,0,0,,,completed
2025-08-08T22:21:29.216000,trade,unknown,BNBUSDT,Sell,794.6,2.93,2328.178,0.4656356,,a982eb24-ce56-4230-b9c2-4efb799e4637,e5c856c1-7b80-4132-ad87-73c571baa345,True,,0.0,0.17000000000007276,,,completed
2025-08-08T22:09:31.987000,trade,unknown,DOGEUSDT,Sell,0.2281,20875,4761.5875,0.9523175,,163b0aa3-7172-4ced-afa4-9bbae9fe67f6,f793fa32-0e3c-4acd-9259-9a06670f5cf2,True,,0.0,3.0000000000002247e-05,,,completed
2025-08-08T22:02:12.073000,pnl,unknown,LTCUSDT,Buy,125.58,18.5,,0,,610ad96e-94a7-417d-9fcf-8b64e79ddb1b,,,0.550412,0,0,,,completed
2025-08-08T22:02:12.072000,trade,unknown,LTCUSDT,Buy,125.58,18.5,2323.23,0.464646,,610ad96e-94a7-417d-9fcf-8b64e79ddb1b,48a13688-38c6-474f-8364-3f8680bbfc1b,True,,0.0,0.01999999999999602,,,completed
2025-08-08T22:00:20.073000,trade,unknown,LTCUSDT,Sell,125.66,18.5,2324.71,0.464942,,4d946f54-de8d-4276-9395-24efb82b7c53,35505c77-3cc9-4615-ab77-fe1caf15dcc9,True,,0.0,0.009999999999990905,,,completed
2025-08-08T21:58:43.197000,trade,unknown,DOGEUSDT,Buy,0.2286,20925,4783.455,0.956691,,83466fe9-dd6c-41a5-8f80-edb414dda8a8,bf789d20-877c-4637-82b8-a8482a7eb7e9,True,,0.0,9.999999999998899e-05,,,completed
2025-08-08T21:58:43.197000,pnl,unknown,DOGEUSDT,Buy,0.2286,20925,,0,,83466fe9-dd6c-41a5-8f80-edb414dda8a8,,,-24.9262785,0,0,,,completed
2025-08-08T21:47:35.041000,trade,unknown,DOGEUSDT,Sell,0.2275,20925,4760.4375,0.9520875,,f0aae662-84ea-4a26-ac5f-cf3a30ad8461,6c3909de-748e-4b1d-bb7c-d473b1569cf3,True,,0.0,9.999999999982245e-06,,,completed
2025-08-08T21:42:59.606000,trade,unknown,BNBUSDT,Sell,793.8,14.65,11629.17,2.325834,,7059ce7b-ece3-40ec-b606-a2930db9d3c0,31142853-d37d-45e1-ab43-bb21563eb1d9,True,,0.0,0.1999999999999318,,,completed
2025-08-08T21:42:59.606000,pnl,unknown,BNBUSDT,Sell,793.8,14.65,,0,,7059ce7b-ece3-40ec-b606-a2930db9d3c0,,,12.3457308,0,0,,,completed
2025-08-08T21:39:10.236000,trade,unknown,BNBUSDT,Buy,792.4,2.93,2321.732,0.4643464,,7caa6d66-963d-4c32-8d5c-76200cf7285d,ab03b864-ab32-46c4-9062-08754614c5bd,True,,0.0,0.10000000000002274,,,completed
2025-08-08T21:39:10.236000,trade,unknown,BNBUSDT,Buy,792.4,2.93,2321.732,0.4643464,,334a9753-1e12-4d44-a0a2-5c791c712821,f51b9e7c-7e0a-44fd-9069-f43badadf225,True,,0.0,0.20000000000004547,,,completed
2025-08-08T21:38:29.076000,trade,unknown,BNBUSDT,Buy,792.4,2.93,2321.732,0.4643464,,4bfccc2d-1036-4398-928e-46835ef52859,896c8c29-6df4-471a-84da-4c91b54a2519,True,,0.0,0.37000000000000455,,,completed
2025-08-08T21:38:02.816000,trade,unknown,BNBUSDT,Buy,793,2.93,2323.49,0.464698,,ceb343dd-2804-43c6-9ab6-f3ffc157b3bd,54db6de6-c0d7-477a-ac02-e9389c060e75,True,,0.0,0.10000000000002274,,,completed
2025-08-08T21:38:02.816000,trade,unknown,BNBUSDT,Buy,793,2.93,2323.49,0.464698,,d08cd633-e3fe-4850-a5fe-341b51ad95db,8d16b461-4d71-4b3b-adfe-8eee334cbada,True,,0.0,0.21000000000003638,,,completed
2025-08-08T21:34:07.212000,trade,unknown,LTCUSDT,Sell,125.39,18.5,2319.715,0.463943,,24dde53d-62b5-4c04-98a3-3cd59baa1b17,bcd2f1dc-6e85-4dc7-89ec-43a8cdef270e,True,,0.0,0.010000000000005116,,,completed
2025-08-08T21:34:07.212000,pnl,unknown,LTCUSDT,Sell,125.39,18.5,,0,,24dde53d-62b5-4c04-98a3-3cd59baa1b17,,,-2.963293,0,0,,,completed
2025-08-08T21:33:55.062000,trade,unknown,LTCUSDT,Buy,125.5,18.5,2321.75,0.46435,,2adbdf27-d99c-4315-bf00-6b8d5a569565,1f04ec1f-0454-4c80-9db7-a7593d4a5216,True,,0.0,0.010000000000005116,,,completed
2025-08-08T21:17:21.213000,trade,unknown,LTCUSDT,Buy,124.67,18.7,2331.329,0.4662658,,4394898b-24e7-44e1-822a-9f2dd3148cf0,53b99a1e-2c4d-4589-8ed2-9ddf47ac1bc0,True,,0.0,0.010000000000005116,,,completed
2025-08-08T21:17:21.213000,pnl,unknown,LTCUSDT,Buy,124.67,18.7,,0,,4394898b-24e7-44e1-822a-9f2dd3148cf0,,,-6.1674844,0,0,,,completed
2025-08-08T21:15:34.502000,trade,unknown,LTCUSDT,Sell,124.39,18.7,2326.093,0.4652186,,9ba4b7c9-caae-4b70-8fcd-6298cc901f27,696e3ca5-a46e-48a5-8dcc-fb59bd904874,True,,0.0,0.010000000000005116,,,completed
2025-08-08T21:10:34.547000,trade,unknown,ARBUSDT,Buy,0.431,9279,3999.249,0.7998498,,489805b6-5692-4546-ba56-f72924d03f0f,543af36a-e390-4b53-9a36-b8f62b2857c2,True,,0.0,9.999999999998899e-05,,,completed
2025-08-08T21:02:17.527000,trade,unknown,ARBUSDT,Buy,0.4314,9221,3977.9394,2.18786667,,d7ed4b10-6638-47fa-b659-f76d4c3216f2,b4494e54-3eb4-49d0-ab88-18250079812b,False,,-0.0232,9.999999999998899e-05,,,completed
2025-08-08T21:02:17.527000,pnl,unknown,ARBUSDT,Buy,0.4314,9221,,0,,d7ed4b10-6638-47fa-b659-f76d4c3216f2,,,18.22060379,0,0,,,completed
2025-08-08T20:52:04.322000,trade,unknown,LTCUSDT,Sell,124.37,18.7,2325.719,0.4651438,,0dc93716-6a47-4147-b341-4aef693f3b31,bb79c687-16ce-4463-ac11-b90a54f8994c,True,,0.0,0.0,,,completed
2025-08-08T20:52:04.322000,pnl,unknown,LTCUSDT,Sell,124.37,18.7,,0,,0dc93716-6a47-4147-b341-4aef693f3b31,,,-1.3043624,0,0,,,completed
2025-08-08T20:52:00.166000,trade,unknown,BNBUSDT,Buy,792.1,2.93,2320.853,0.4641706,,d60a0768-a80d-45e2-9719-535a82651a48,4af1544b-378e-4741-ae6d-584415eeea7e,True,,0.0,0.22000000000002728,,,completed
2025-08-08T20:52:00.166000,pnl,unknown,BNBUSDT,Buy,792.1,2.93,,0,,d60a0768-a80d-45e2-9719-535a82651a48,,,1.41519,0,0,,,completed
2025-08-08T20:50:07.306000,trade,unknown,BNBUSDT,Sell,792.9,2.93,2323.197,0.4646394,,6d29f984-350a-40fc-8814-71ae46504aa4,71595ee8-23da-4ad1-a348-0b7c50af53f0,True,,0.0,0.18999999999994088,,,completed
2025-08-08T20:47:08.142000,trade,unknown,LTCUSDT,Buy,124.39,18.7,2326.093,0.4652186,,16fb3f78-a970-44ba-83a0-02c291961f82,21aaaf60-4940-4d98-b95b-37efe6e4fd2c,True,,0.0,0.01999999999999602,,,completed
2025-08-08T20:37:25.846000,trade,unknown,BNBUSDT,Buy,793.8,5.86,4651.668,0.9303336,,c59998b5-d749-48fa-a058-7222b8f5d498,4312e141-999f-4f3e-b2e1-b89a2016938e,True,,0.0,0.2300000000000182,,,completed
2025-08-08T20:37:25.846000,pnl,unknown,BNBUSDT,Buy,793.8,5.86,,0,,c59998b5-d749-48fa-a058-7222b8f5d498,,,3.1193366,0,0,,,completed
2025-08-08T20:36:24.226000,trade,unknown,BNBUSDT,Sell,794.6,2.93,2328.178,0.4656356,,f72145ef-4c53-45e5-b62c-2c5476ce6443,88866990-f0e1-4cdf-8b08-3c883586312f,True,,0.0,0.20000000000004547,,,completed
2025-08-08T20:35:57.686000,trade,unknown,BNBUSDT,Sell,794.7,2.93,2328.471,0.4656942,,7ea78a9d-55ec-48a0-988b-30518f8ed204,c6688c54-9879-4e94-999e-b5126945a8d6,True,,0.0,0.14000000000010004,,,completed
2025-08-08T20:35:07.456000,trade,unknown,BNBUSDT,Buy,794.4,5.86,4655.184,0.9310368,,895fbe1c-042e-41a8-b2b8-f236b58472cf,d1f067a2-fb68-4b7f-bb62-0c9859e3edb6,True,,0.0,0.21000000000003638,,,completed
2025-08-08T20:35:07.456000,pnl,unknown,BNBUSDT,Buy,794.4,5.86,,0,,895fbe1c-042e-41a8-b2b8-f236b58472cf,,,-0.3973666,0,0,,,completed
2025-08-08T20:32:56.406000,trade,unknown,BNBUSDT,Sell,794.7,2.93,2328.471,0.4656942,,2c3d85b8-a74a-41f6-8f2e-3a885ad4783f,f67a3f4b-c0d7-40ae-a184-9461d784ee85,True,,0.0,0.14000000000010004,,,completed
2025-08-08T20:32:13.950000,trade,unknown,BNBUSDT,Sell,794.6,2.93,2328.178,0.4656356,,c6fee916-7e57-4e58-a52c-a7a0ed19a1c5,0f9b3f8d-ccdf-4116-8bc4-1c044440f965,True,,0.0,0.15999999999996817,,,completed
2025-08-08T20:26:53.846000,trade,unknown,BNBUSDT,Sell,794.7,5.86,4656.942,0.9313884,,f80161d5-84d3-4939-889b-f19d0e5a323a,48e3a20d-b5cc-477e-8645-dc1e6dddb9e4,True,,0.0,0.10000000000002274,,,completed
2025-08-08T20:26:53.846000,pnl,unknown,BNBUSDT,Sell,794.7,5.86,,0,,f80161d5-84d3-4939-889b-f19d0e5a323a,,,-0.983601,0,0,,,completed
2025-08-08T20:26:27.995000,trade,unknown,BNBUSDT,Buy,794.3,2.93,2327.299,0.4654598,,b0bee307-c974-469b-80a2-c06267583185,992ee422-adf3-4354-a788-ebe11c2e4c80,True,,0.0,0.20000000000004547,,,completed
2025-08-08T20:25:53.415000,trade,unknown,BNBUSDT,Buy,794.8,2.93,2328.764,0.4657528,,6ad33d3a-b58b-4d89-9db2-e08034fbc762,c30517f8-dad0-45cf-8547-c21dc03b84f5,True,,0.0,0.20000000000004547,,,completed
2025-08-08T20:00:22.309000,trade,unknown,ARBUSDT,Sell,0.4337,9221,3999.1477,0.79982954,,88a61e3e-fac1-4ab3-bc0b-63c3cdbf1aa4,74e35d03-7caa-44ce-ac8e-e7d79679297f,True,,0.0,9.999999999998899e-05,,,completed
2025-08-08T19:46:48.226000,trade,unknown,BNBUSDT,Sell,792.2,2.93,2321.146,0.4642292,,0f063131-9475-4049-b9fc-b135c7812343,dfd770df-694b-4b29-8356-ee29c29846e8,True,,0.0,0.20000000000004547,,,completed
2025-08-08T19:46:48.226000,pnl,unknown,BNBUSDT,Sell,792.2,2.93,,0,,0f063131-9475-4049-b9fc-b135c7812343,,,-0.9284584,0,0,,,completed
2025-08-08T19:46:13.296000,trade,unknown,BNBUSDT,Buy,792.2,2.93,2321.146,0.4642292,,f354ca2f-0125-46ff-8ae1-b61701ae3468,83c3e1cf-dc5a-481b-91f8-03368fc014a6,True,,0.0,0.2599999999999909,,,completed
2025-08-08T19:35:40.075000,trade,unknown,LINKUSDT,Buy,19.362,333.7,6461.0994,1.29221988,,dd5167a4-2d3d-4a43-9631-ddc599e7f40c,7535aa73-e300-4375-ac99-753441c813e1,True,,0.0,0.0010000000000012221,,,completed
2025-08-08T19:35:40.075000,pnl,unknown,LINKUSDT,Buy,19.362,333.7,,0,,dd5167a4-2d3d-4a43-9631-ddc599e7f40c,,,-30.27600034,0,0,,,completed
2025-08-08T19:25:03.226000,trade,unknown,BNBUSDT,Buy,789,2.96,2335.44,0.467088,,d1c8fd71-5893-4239-a894-53d8bde8b6c0,a4c8ca07-5323-4336-a7f0-49956ae11481,True,,0.0,0.20000000000004547,,,completed
2025-08-08T19:25:03.226000,pnl,unknown,BNBUSDT,Buy,789,2.96,,0,,d1c8fd71-5893-4239-a894-53d8bde8b6c0,,,-12.4758672,0,0,,,completed
2025-08-08T19:24:46.955000,trade,unknown,LINKUSDT,Sell,19.279,333.7,6433.4023,1.28668046,,7798761b-3e55-404a-b4df-cb958d05db21,e15539eb-658c-49b9-9b94-dac200d84735,True,,0.0,0.004000000000001336,,,completed
2025-08-08T19:22:32.967000,pnl,unknown,DOGEUSDT,Sell,0.2251,21516,,0,,fe3dd993-ca76-4e32-8ac6-06184f864995,,,78.12801703,0,0,,,completed
2025-08-08T19:22:32.966000,trade,unknown,DOGEUSDT,Sell,0.2251,21516,4843.2516,0.96865032,,fe3dd993-ca76-4e32-8ac6-06184f864995,cf590dcd-599f-491a-a724-19bc35d87cbd,True,,0.0,1.9999999999992246e-05,,,completed
2025-08-08T19:13:56.055000,trade,unknown,LINKUSDT,Sell,19.229,319.6,6145.5884,1.22911768,,9375a925-84d5-4327-966f-cbe84de037ed,d7668605-9923-40cc-8eda-70f95d0546c2,True,,0.0,0.003999999999997783,,,completed
2025-08-08T19:13:56.055000,pnl,unknown,LINKUSDT,Sell,19.229,319.6,,0,,9375a925-84d5-4327-966f-cbe84de037ed,,,33.98345152,0,0,,,completed
2025-08-08T18:46:31.785000,trade,unknown,LINKUSDT,Buy,19.115,319.6,6109.154,1.2218308,,2e538f7c-014a-4b82-8b61-376a5bbedcd1,aa06d795-bab9-49f4-8723-647b9326fceb,True,,0.0,0.008000000000002672,,,completed
2025-08-08T18:45:10.815000,trade,unknown,BNBUSDT,Sell,785.1,2.96,2323.896,0.4647792,,7ab156ba-8348-46e6-81bb-967fd42d0b89,383675a5-2ab8-4dd7-bf52-2d4e47aed371,True,,0.0,0.20000000000004547,,,completed
2025-08-08T18:29:51.575000,trade,unknown,BNBUSDT,Sell,785.4,2.96,2324.784,0.4649568,,3bd51288-98ed-4c8c-ba1c-4bc806059358,d862c8a1-c74e-4568-be1f-2b89edca3a82,True,,0.0,0.1999999999999318,,,completed
2025-08-08T18:29:51.575000,pnl,unknown,BNBUSDT,Sell,785.4,2.96,,0,,3bd51288-98ed-4c8c-ba1c-4bc806059358,,,-2.1141504,0,0,,,completed
2025-08-08T18:25:03.479000,trade,unknown,BNBUSDT,Buy,785.8,2.96,2325.968,0.4651936,,4b4cea9d-7cff-4abb-8a02-3facd8f7d422,9eae0e24-6b9b-4b01-8694-86076c5b803a,True,,0.0,0.2900000000000773,,,completed
2025-08-08T18:15:04.566000,pnl,unknown,BNBUSDT,Sell,785.2,5.92,,0,,0eb6c49c-e0f6-4a80-b582-bb8f5d8fdf37,,,2.2854752,0,0,,,completed
2025-08-08T18:15:04.565000,trade,unknown,BNBUSDT,Sell,785.2,5.92,4648.384,0.9296768,,0eb6c49c-e0f6-4a80-b582-bb8f5d8fdf37,2173418a-2b6d-4b0a-87d4-38078c7d8546,True,,0.0,0.20000000000004547,,,completed
2025-08-08T18:13:16.525000,trade,unknown,BNBUSDT,Buy,784.4,2.96,2321.824,0.4643648,,63b25eab-e40b-4863-a92d-a12dfcbe2c10,4bbc9ecf-24d9-405a-baf3-4d9240a6091b,True,,0.0,0.20000000000004547,,,completed
2025-08-08T18:12:46.495000,trade,unknown,BNBUSDT,Buy,784.6,2.96,2322.416,0.4644832,,76ee9169-dfff-4306-bfb1-dbbbb359a15a,4a6e43a9-20ac-4ae6-a9c6-103242f83a36,True,,0.0,0.22000000000002728,,,completed
2025-08-08T18:11:23.055000,trade,unknown,BNBUSDT,Buy,784.2,8.91,6987.222,1.3974444,,a7fe799c-3cd1-49b3-968a-6136f23019e2,570fb781-77a6-496f-ab3c-47d98f432acd,True,,0.0,0.32999999999992724,,,completed
2025-08-08T18:11:23.055000,pnl,unknown,BNBUSDT,Buy,784.2,8.91,,0,,a7fe799c-3cd1-49b3-968a-6136f23019e2,,,-3.58072704,0,0,,,completed
2025-08-08T18:00:00,trade,unknown,DOGEUSDT,Buy,0.22117,21516,4758.69372,0.47586938,,e46f4531-7489-4535-8c95-614c93cc14f9,44bf1470-4fbd-4fb1-a8ef-4f78036d3614,False,,0,0.00010999999999999899,,,completed
2025-08-08T18:00:00,trade,unknown,BNBUSDT,Sell,784.36,8.91,6988.6476,-0.69886476,,d75f59fa-5375-43a1-99e4-3eaf1536f72d,77a56e55-d303-4c81-be50-43ac6038188f,False,,0,0.12999999999999545,,,completed
2025-08-08T17:53:43.629000,trade,unknown,DOGEUSDT,Buy,0.22128,21516,4761.06048,2.61858327,,d18d8814-0122-4fdc-8659-b467ee4c9bcb,359fece0-8d4f-4e08-a462-4bf8e646f354,False,,-0.009,0.0,,,completed
2025-08-08T17:53:18.865000,trade,unknown,BNBUSDT,Sell,784.3,2.97,2329.371,0.4658742,,51948899-9feb-4e5d-899b-9b755e7c5bf7,7939ea61-499b-408a-9f77-8d96a4daa9c9,True,,0.0,0.18999999999994088,,,completed
2025-08-08T17:52:39.525000,trade,unknown,BNBUSDT,Sell,784.1,2.97,2328.777,0.4657554,,86d6833b-1397-49e1-aa36-1b3bed525d0e,a15945f9-5981-4dca-9208-aeda78a86146,True,,0.0,0.20000000000004547,,,completed
2025-08-08T17:52:07.505000,trade,unknown,BNBUSDT,Sell,783.7,2.97,2327.589,0.4655178,,0deca1e9-f13c-43c2-aaca-c9f905349255,ebb68a06-4e98-4eef-aeef-fbc360846685,True,,0.0,0.08000000000004093,,,completed
2025-08-08T17:51:32.175000,trade,unknown,BNBUSDT,Buy,783.8,5.94,4655.772,0.9311544,,19ce8408-9acf-4d22-bba2-c5dfd5476088,5bf27685-dbc6-47f9-a551-4ebb878002ed,True,,0.0,0.20000000000004547,,,completed
2025-08-08T17:51:32.175000,pnl,unknown,BNBUSDT,Buy,783.8,5.94,,0,,19ce8408-9acf-4d22-bba2-c5dfd5476088,,,-5.7225366,0,0,,,completed
2025-08-08T17:50:17.768000,trade,unknown,LINKUSDT,Sell,19.223,990.6,19042.3038,3.80846076,,5cb02693-6c78-4ba5-92c7-0637909fc3bb,248eea00-1d4d-4277-9740-6d5d6671884f,True,,0.0,0.004999999999999005,,,completed
2025-08-08T17:50:17.768000,pnl,unknown,LINKUSDT,Sell,19.223,990.6,,0,,5cb02693-6c78-4ba5-92c7-0637909fc3bb,,,111.77425194,0,0,,,completed
2025-08-08T17:49:26.315000,trade,unknown,BNBUSDT,Sell,783.2,2.97,2326.104,0.4652208,,17d19e3e-bcdb-49f1-a8f2-1fbcad90ab1d,07c2abbf-9991-4953-8ee3-081e346e1121,True,,0.0,0.19000000000005457,,,completed
2025-08-08T17:49:17.145000,trade,unknown,BNBUSDT,Sell,783.1,2.97,2325.807,0.4651614,,4f27bced-71cb-43cf-8b55-8072c0e68ba2,18a574f9-0bac-4e02-addf-de7a0af5a805,True,,0.0,0.20000000000004547,,,completed
2025-08-08T17:48:21.266000,pnl,unknown,BNBUSDT,Buy,783,2.97,,0,,fc6fa48c-f94d-4971-b5fe-120289f47c43,,,-2.1179664,0,0,,,completed
2025-08-08T17:48:21.265000,trade,unknown,BNBUSDT,Buy,783,2.97,2325.51,0.465102,,fc6fa48c-f94d-4971-b5fe-120289f47c43,007469db-f3e6-4498-901d-18dab54fdac3,True,,0.0,0.20000000000004547,,,completed
2025-08-08T17:46:53.735000,trade,unknown,BNBUSDT,Sell,782.6,2.97,2324.322,0.4648644,,d6cef10b-9ca1-41b0-915c-f111ac0ccf25,c34995ac-e81e-4d1d-a934-9a15809a32e4,True,,0.0,0.18000000000006366,,,completed
2025-08-08T17:46:07.504000,trade,unknown,LINKUSDT,Buy,19.121,495.3,9470.6313,1.89412626,,20268c57-cb2d-4555-b78a-ccaa2f692617,45ef41cc-cecc-4da9-a73a-4a24f58a35bb,True,,0.0,0.0070000000000014495,,,completed
2025-08-08T17:44:59.226000,trade,unknown,LINKUSDT,Buy,19.084,495.3,9452.3052,1.89046104,,174ff80a-620d-45b7-8877-d535113ecd16,692a8801-7e8d-46d6-8b1d-5521dc9f80af,True,,0.0,0.004000000000001336,,,completed
2025-08-08T17:40:49.195000,pnl,unknown,LINKUSDT,Sell,19.084,729.3,,0,,53c1bdd7-3e73-4743-b91a-f78e89c48345,,,-57.84413778,0,0,,,completed
2025-08-08T17:40:49.194000,trade,unknown,LINKUSDT,Sell,19.084,729.3,13917.9612,2.78359224,,53c1bdd7-3e73-4743-b91a-f78e89c48345,52c9f529-6c16-4cf4-82f2-04ef867aa329,True,,0.0,0.004000000000001336,,,completed
2025-08-08T17:40:46.736000,trade,unknown,DOGEUSDT,Sell,0.2202,21470,4727.694,0.9455388,,9ae3aecd-9893-4f47-9e20-5173c3470fb2,c737fb79-92b8-4cc2-b10a-c780f4c67984,True,,0.0,7.999999999999674e-05,,,completed
2025-08-08T17:40:46.736000,pnl,unknown,DOGEUSDT,Sell,0.2202,21470,,0,,9ae3aecd-9893-4f47-9e20-5173c3470fb2,,,-34.1025186,0,0,,,completed
2025-08-08T17:40:15.445000,trade,unknown,LINKUSDT,Buy,19.142,243.1,4653.4202,0.93068404,,8a8427f2-b623-41d8-8134-fae5d07f105e,d984c7b5-35ff-4f9d-9402-ba45df455dbe,True,,0.0,0.0070000000000014495,,,completed
2025-08-08T17:39:42.033000,trade,unknown,LINKUSDT,Buy,19.158,243.1,4657.3098,0.93146196,,c064173c-4b36-4fd2-8dd7-f7917d962f26,6b276423-b615-4b37-b6b8-fdedc98267b1,True,,0.0,0.003999999999997783,,,completed
2025-08-08T17:39:13.334000,trade,unknown,LINKUSDT,Buy,19.167,243.1,4659.4977,0.93189954,,5bbd8bb2-e70f-4cc2-9018-0a78f94608da,2fe4ef54-8d50-449b-becd-0ec6d9879d65,True,,0.0,0.003999999999997783,,,completed
2025-08-08T17:34:55.134000,trade,unknown,LINKUSDT,Sell,19.199,257,4934.143,0.9868286,,eaf2023a-7719-4886-85a5-c372338edb33,b74320a0-8e9f-4c53-af6f-fabae56f096f,True,,0.0,0.004000000000001336,,,completed
2025-08-08T17:34:55.134000,pnl,unknown,LINKUSDT,Sell,19.199,257,,0,,eaf2023a-7719-4886-85a5-c372338edb33,,,-10.7134048,0,0,,,completed
2025-08-08T17:31:34.585000,trade,unknown,BNBUSDT,Buy,785.5,5.92,4650.16,0.930032,,5c894fcf-fc3c-474b-8dd3-5c54038cea3e,49f3905e-219b-40c3-b144-fc282ed648fc,True,,0.0,0.36000000000001364,,,completed
2025-08-08T17:31:34.585000,pnl,unknown,BNBUSDT,Buy,785.5,5.92,,0,,5c894fcf-fc3c-474b-8dd3-5c54038cea3e,,,1.9871664,0,0,,,completed
2025-08-08T17:21:54.555000,trade,unknown,BNBUSDT,Sell,786.4,2.96,2327.744,0.4655488,,388542d1-839b-410d-9481-31af1978148b,f7435cdf-18b4-4e40-bd6f-e2fe1f83e0a1,True,,0.0,0.1999999999999318,,,completed
2025-08-08T17:21:05.195000,trade,unknown,BNBUSDT,Sell,785.9,2.96,2326.264,0.4652528,,1067a486-a0e8-44b8-ab29-b027622264cc,cda31a5b-74d2-469e-a52d-f3c1f874a4dc,True,,0.0,0.05999999999994543,,,completed
2025-08-08T17:18:51.225000,trade,unknown,BNBUSDT,Buy,785.9,2.96,2326.264,0.4652528,,990e59db-cd40-46bc-8fba-7aab6af2abb4,e2d9931c-7841-4eaf-b116-b47c96ff904b,True,,0.0,0.20000000000004547,,,completed
2025-08-08T17:18:51.225000,pnl,unknown,BNBUSDT,Buy,785.9,2.96,,0,,990e59db-cd40-46bc-8fba-7aab6af2abb4,,,-4.4817952,0,0,,,completed
2025-08-08T17:17:50.235000,trade,unknown,BNBUSDT,Sell,784.7,2.96,2322.712,0.4645424,,070bdbb4-b889-4f23-83a5-e65e565cac59,099d4c0b-7c3b-4834-812b-8757435006d4,True,,0.0,0.15000000000009095,,,completed
2025-08-08T17:16:10.148000,trade,unknown,BNBUSDT,Buy,785.2,8.88,6972.576,1.3945152,,88dcdeee-c35c-49b8-9c0a-eeba3690e5b9,5da95110-9cd9-42b1-81ac-2134973ee82d,True,,0.0,0.2199999999999136,,,completed
2025-08-08T17:16:10.148000,pnl,unknown,BNBUSDT,Buy,785.2,8.88,,0,,88dcdeee-c35c-49b8-9c0a-eeba3690e5b9,,,2.537904,0,0,,,completed
2025-08-08T17:15:11.755000,trade,unknown,BNBUSDT,Sell,785.7,2.96,2325.672,0.4651344,,83643550-af85-4d1e-9a0f-6093f08f32e7,56a5f917-9ff5-46fe-8ce5-e01bb9df067a,True,,0.0,0.15000000000009095,,,completed
2025-08-08T17:14:37.465000,trade,unknown,BNBUSDT,Sell,785.9,2.96,2326.264,0.4652528,,aec77755-de2c-43f2-9a93-1484bd459d63,849f7021-60bb-4666-98dc-0c45fba6923c,True,,0.0,0.12000000000000455,,,completed
2025-08-08T17:14:18.495000,trade,unknown,BNBUSDT,Sell,785.8,2.96,2325.968,0.4651936,,ce17a802-d88f-4f04-a5ea-d34a970d355f,97f14a87-a501-4819-9348-55e1c1a46948,True,,0.0,0.15999999999996817,,,completed
2025-08-08T17:14:03.426000,trade,unknown,DOGEUSDT,Buy,0.2217,21470,4759.899,0.9519798,,1676de35-c6b2-4e06-a933-9827658a9973,cf7cb9f1-c7b5-4f70-8dc5-f4059789f786,True,,0.0,4.999999999999449e-05,,,completed
2025-08-08T17:13:33.584000,trade,unknown,LINKUSDT,Buy,19.233,257,4942.881,0.9885762,,910ea6ed-6fde-43fe-8ba4-2aa9a623181e,9e5e73d9-3f38-45af-82eb-29683c6b7482,True,,0.0,0.003999999999997783,,,completed
2025-08-08T17:00:08.051000,trade,unknown,DOGEUSDT,Buy,0.22342,21386,4778.06012,2.62793307,,903d40d8-ded8-4e90-b281-b2d0abecb7b7,dbc75854-511f-4141-bb0e-1aa4a764664b,False,,-4.7574,1.0000000000010001e-05,,,completed
2025-08-08T17:00:08.051000,pnl,unknown,DOGEUSDT,Buy,0.22342,21386,,0,,903d40d8-ded8-4e90-b281-b2d0abecb7b7,,,-22.78274105,0,0,,,completed
2025-08-08T16:59:31.090000,pnl,unknown,LTCUSDT,Sell,122.2,19,,0,,f88f3477-260f-4d24-afc5-87d592676ac1,,,-7.062414,0,0,,,completed
2025-08-08T16:59:31.089000,trade,unknown,LTCUSDT,Sell,122.2,19,2321.8,1.27699,,f88f3477-260f-4d24-afc5-87d592676ac1,37baecf3-cb67-4ba1-b038-2e3b289a8282,False,,-5.2541,0.009999999999990905,,,completed
2025-08-08T16:59:13.929000,pnl,unknown,SOLUSDT,Buy,176.29,0.2,,0,,c60d0344-8118-4ab8-ae1e-b643363415fc,,,-0.0784331,0,0,,,completed
2025-08-08T16:59:13.928000,trade,unknown,SOLUSDT,Buy,176.29,0.2,35.258,0.0193919,,c60d0344-8118-4ab8-ae1e-b643363415fc,346a9e88-2dc0-4e86-a7bf-f99b0ec44f43,False,,-4.7905,0.060000000000002274,,,completed
2025-08-08T16:58:58.421000,trade,unknown,ARBUSDT,Buy,0.4238,9508,4029.4904,2.21621972,,de1932b7-4832-4486-8436-b98bcf47c599,3f2a680e-4a66-4193-b4ea-374de9a31f2c,False,,-4.7426,0.0,,,completed
2025-08-08T16:58:58.421000,pnl,unknown,ARBUSDT,Buy,0.4238,9508,,0,,de1932b7-4832-4486-8436-b98bcf47c599,,,-31.04019712,0,0,,,completed
2025-08-08T15:45:12.176000,trade,unknown,ARBUSDT,Sell,0.421,9508,4002.868,2.2015774,,b3496d61-6cf0-4243-b58c-c5bd33be6772,9b0be1b9-4a37-44fa-b062-20b55ff5ccde,False,,-0.0951,9.999999999998899e-05,,,completed
2025-08-08T15:35:57.726000,trade,unknown,SOLUSDT,Sell,176.03,0.2,35.206,0.0070412,,74af5c6f-abc2-48cd-a932-22d238b5ef11,d3afe30f-8d4d-456e-898d-b6f73942f22c,True,,0.0,0.1810000000000116,,,completed
2025-08-08T15:35:06.543000,trade,unknown,LTCUSDT,Buy,122.48,19,2327.12,0.465424,,b66ca419-2f80-4a30-a87c-be059c120d68,751cfde6-b842-4407-9ce6-cd1ae4eebd41,True,,0.0,0.009999999999990905,,,completed
2025-08-08T15:32:25.157000,trade,unknown,DOGEUSDT,Sell,0.2226,21386,4760.5236,2.61828798,,ae9e12e8-5601-40af-bfc0-4f7a6f57ba2b,ed46a2bf-9c98-46ab-b747-7e495114f6be,False,,0.0,3.0000000000002247e-05,,,completed
2025-08-08T15:04:41.002000,trade,unknown,DOGEUSDT,Sell,0.22203,21426,4757.21478,2.61646813,,1bfa6a69-69e5-48a8-8dd2-6a15c4039053,c221d0de-fe9f-4c91-a968-1219dfc4ef71,False,,-5.2574,9.999999999982245e-06,,,completed
2025-08-08T15:04:41.002000,trade,unknown,LTCUSDT,Sell,121.88,18.8,2291.344,1.2602392,,721ea667-6b21-429c-9e5d-f3b6f9dd0f64,16194f45-8f15-4e65-9a78-2c2a5f69ea7f,False,,-5.2504,0.010000000000005116,,,completed
2025-08-08T15:04:41.002000,trade,unknown,SOLUSDT,Buy,176.23,0.2,35.246,0.0193853,,8d387fd3-29dd-44ae-80de-7abbe94a36b9,4658ee31-24bf-4092-9595-56065c4a024c,False,,-4.756,0.003999999999990678,,,completed
2025-08-08T15:04:41.002000,trade,unknown,ARBUSDT,Sell,0.4167,9463,3943.2321,2.16877766,,763ffe0a-681e-45bd-a537-3969aebfb68d,b82c3ab1-8567-4fd6-94a5-078b06209ded,False,,-5.2007,0.00019999999999997797,,,completed
2025-08-08T15:04:41.002000,pnl,unknown,LINKUSDT,Sell,19.306,701.4,,0,,c4e73a99-73b1-4159-a4d4-d01ed74650cd,,,45.9673011,0,0,,,completed
2025-08-08T15:04:41.002000,pnl,unknown,SOLUSDT,Buy,176.23,0.2,,0,,8d387fd3-29dd-44ae-80de-7abbe94a36b9,,,-0.2303937,0,0,,,completed
2025-08-08T15:04:41.002000,pnl,unknown,ARBUSDT,Sell,0.4167,9463,,0,,763ffe0a-681e-45bd-a537-3969aebfb68d,,,-58.80029042,0,0,,,completed
2025-08-08T15:04:41.002000,pnl,unknown,DOGEUSDT,Sell,0.22203,21426,,0,,1bfa6a69-69e5-48a8-8dd2-6a15c4039053,,,-8.87735959,0,0,,,completed
2025-08-08T15:04:41.002000,pnl,unknown,LTCUSDT,Sell,121.88,18.8,,0,,721ea667-6b21-429c-9e5d-f3b6f9dd0f64,,,-32.744712,0,0,,,completed
2025-08-08T15:04:41.001000,trade,unknown,LINKUSDT,Sell,19.306,701.4,13541.2284,7.44767562,,c4e73a99-73b1-4159-a4d4-d01ed74650cd,c983d413-45af-4161-8a34-388ba67e2b29,False,,-5.2385,0.003999999999997783,,,completed
2025-08-08T14:39:47.596000,trade,unknown,LINKUSDT,Buy,19.224,350.7,6741.8568,1.34837136,,265964e1-254a-4320-be8a-74bd69b3bde9,023c354c-815d-4c99-94ff-479cf01afe56,True,,0.0,0.004000000000001336,,,completed
2025-08-08T14:39:09.205000,trade,unknown,LINKUSDT,Buy,19.228,350.7,6743.2596,1.34865192,,60afe311-149f-41f0-95fb-8a1ed2dbcd15,e477a94b-b2fc-432b-bd07-4524106cf28a,True,,0.0,0.003999999999997783,,,completed
2025-08-08T14:26:36.756000,trade,unknown,BNBUSDT,Buy,785.9,5.92,4652.528,0.9305056,,6903a95e-1469-4b40-adbb-1e919c030000,24308412-8d6e-43e1-98ab-5fe00e872559,True,,0.0,0.20000000000004547,,,completed
2025-08-08T14:26:36.756000,pnl,unknown,BNBUSDT,Buy,785.9,5.92,,0,,6903a95e-1469-4b40-adbb-1e919c030000,,,-0.9731888,0,0,,,completed
2025-08-08T14:15:44.066000,trade,unknown,BNBUSDT,Sell,786.2,2.96,2327.152,0.4654304,,cd504dee-72d7-45c3-b037-71380ea2c844,c5650f85-663d-4361-8399-e6d3dca06199,True,,0.0,0.20000000000004547,,,completed
2025-08-08T14:15:30.676000,trade,unknown,BNBUSDT,Sell,785.9,2.96,2326.264,0.4652528,,4222cf40-e16b-47ed-9e29-eda1f96e6ddf,b73c6e08-c592-4db7-a188-be736ba8ac4f,True,,0.0,0.1999999999999318,,,completed
2025-08-08T13:47:46.566000,trade,unknown,BNBUSDT,Buy,788.9,2.95,2327.255,0.465451,,6a0a74ba-3967-4622-8f9a-38e899d4f837,0f1291cc-d8fe-407e-b7cc-6ce775a01ad5,True,,0.0,0.20000000000004547,,,completed
2025-08-08T13:47:46.566000,pnl,unknown,BNBUSDT,Buy,788.9,2.95,,0,,6a0a74ba-3967-4622-8f9a-38e899d4f837,,,-0.046079,0,0,,,completed
2025-08-08T13:45:32.866000,trade,unknown,BNBUSDT,Sell,789.2,2.95,2328.14,0.465628,,71cb1220-142d-42ef-b051-18f40ee412ca,33e8cba0-fdb3-4a1d-b1be-d040666c90d5,True,,0.0,0.20000000000004547,,,completed
2025-08-08T13:44:36.356000,trade,unknown,BNBUSDT,Sell,788.8,5.9,4653.92,0.930784,,ab25ae9a-15e9-4b71-9bd0-94e243dfd756,f96049bf-35ea-48a1-8759-60303aacc1f9,True,,0.0,0.15999999999996817,,,completed
2025-08-08T13:44:36.356000,pnl,unknown,BNBUSDT,Sell,788.8,5.9,,0,,ab25ae9a-15e9-4b71-9bd0-94e243dfd756,,,-0.386273,0,0,,,completed
2025-08-08T13:39:39.038000,trade,unknown,BNBUSDT,Buy,788.5,2.95,2326.075,0.465215,,85f45126-3d8f-46ae-868e-489afa7ff7bb,b5ca1137-e713-4bda-97fb-d7cf5e3b700a,True,,0.0,0.21000000000003638,,,completed
2025-08-08T13:38:46.896000,trade,unknown,BNBUSDT,Buy,788.6,2.95,2326.37,0.465274,,6f23526e-46e2-4817-b682-e1415a024398,a05813c5-bccb-4e6b-a085-b886591b6766,True,,0.0,0.1999999999999318,,,completed
2025-08-08T13:24:29.596000,trade,unknown,BNBUSDT,Sell,788.7,2.95,2326.665,0.465333,,d3bc2412-eb1c-481c-948b-1176d6e06f83,e857322c-6c1b-42e2-b9ca-a62507e0df09,True,,0.0,0.08000000000004093,,,completed
2025-08-08T13:24:29.596000,pnl,unknown,BNBUSDT,Sell,788.7,2.95,,0,,d3bc2412-eb1c-481c-948b-1176d6e06f83,,,-1.225725,0,0,,,completed
2025-08-08T13:21:36.026000,trade,unknown,BNBUSDT,Buy,788.8,2.95,2326.96,0.465392,,c1319593-322d-4d42-8460-539e5f1b0645,5983f354-cfe7-437a-b47d-ab147bf1256f,True,,0.0,0.20000000000004547,,,completed
2025-08-08T12:50:29.426000,trade,unknown,BNBUSDT,Sell,786.4,5.9,4639.76,0.927952,,fe805547-9e10-49e4-beee-fe679086a885,d9377339-2cc5-47cb-ac5f-5ba3a422c134,True,,0.0,0.15999999999996817,,,completed
2025-08-08T12:50:29.426000,pnl,unknown,BNBUSDT,Sell,786.4,5.9,,0,,fe805547-9e10-49e4-beee-fe679086a885,,,-3.331199,0,0,,,completed
2025-08-08T12:49:23.149000,trade,unknown,BNBUSDT,Buy,786.5,2.95,2320.175,0.464035,,b5c3ff5a-8764-4ffd-9c73-d8a78e053e56,22c7556e-5051-4068-9227-5e53db93b57c,True,,0.0,0.2599999999999909,,,completed
2025-08-08T12:48:07.526000,trade,unknown,BNBUSDT,Buy,786.8,2.95,2321.06,0.464212,,02893259-5e88-495d-a6f4-92ae206df2d0,d257a815-78de-4835-abce-ecb135914014,True,,0.0,0.20000000000004547,,,completed
2025-08-08T12:35:59.736000,trade,unknown,BNBUSDT,Buy,786.4,5.92,4655.488,0.9310976,,453db883-fc84-4753-89d6-3f9f8092ae37,5b92d529-2afc-45e5-8714-0a1917f75f12,True,,0.0,0.20000000000004547,,,completed
2025-08-08T12:35:59.736000,pnl,unknown,BNBUSDT,Buy,786.4,5.92,,0,,453db883-fc84-4753-89d6-3f9f8092ae37,,,-5.7094256,0,0,,,completed
2025-08-08T12:33:39.186000,trade,unknown,BNBUSDT,Sell,785.9,2.96,2326.264,0.4652528,,163d5dd9-f033-482d-b4bf-a238ca8e80ca,58edbd0d-b1cd-45d3-a040-07c4e65712f1,True,,0.0,0.14999999999997726,,,completed
2025-08-08T12:32:58.536000,trade,unknown,BNBUSDT,Sell,785.6,2.96,2325.376,0.4650752,,a71c24c0-7d58-4b06-83b8-8fc67fbb9e1c,0faf870e-94b2-4ee3-9e3d-8dee0a313895,True,,0.0,0.09000000000003183,,,completed
2025-08-08T12:15:06.676000,trade,unknown,BNBUSDT,Sell,786.2,2.96,2327.152,0.4654304,,b4650e42-99db-476f-95db-7255dc517260,f3e19532-b755-4527-982d-e6cd85852fa9,True,,0.0,0.11000000000001364,,,completed
2025-08-08T12:15:06.676000,pnl,unknown,BNBUSDT,Sell,786.2,2.96,,0,,b4650e42-99db-476f-95db-7255dc517260,,,-0.9308608,0,0,,,completed
2025-08-08T12:13:15.186000,trade,unknown,BNBUSDT,Buy,786.2,2.96,2327.152,0.4654304,,c324891c-8d0e-4e1e-bb8f-e4766751f22c,03e4e9a3-87de-40fd-8f4b-c72a889e3d08,True,,0.0,0.1999999999999318,,,completed
2025-08-08T12:03:36.246000,trade,unknown,BNBUSDT,Sell,786,2.96,2326.56,0.465312,,226c0adb-06da-420b-89e6-684e2b1766d6,9984156b-3d10-436f-8580-c97d74fac552,True,,0.0,0.05999999999994543,,,completed
2025-08-08T12:03:36.246000,pnl,unknown,BNBUSDT,Sell,786,2.96,,0,,226c0adb-06da-420b-89e6-684e2b1766d6,,,-0.3385056,0,0,,,completed
2025-08-08T12:00:30.786000,trade,unknown,BNBUSDT,Buy,785.8,2.96,2325.968,0.4651936,,07a4919d-702e-4583-ae94-0813591d6289,dbe1061e-313c-46e4-a1f3-a0562918aa3c,True,,0.0,0.20000000000004547,,,completed
2025-08-08T11:38:48.293000,trade,unknown,DOGEUSDT,Buy,0.2222,21426,4760.8572,2.61847146,,aaecd9e0-5a1c-4b98-8225-8e832d1f90e2,f45d5f55-e4be-4272-9d44-9d88ef6a646f,False,,0.0,0.0,,,completed
2025-08-08T11:37:51.116000,trade,unknown,BNBUSDT,Buy,784.6,2.96,2322.416,0.4644832,,94b162bf-fc5a-4959-8a84-694fe0a7f8c1,e46645ac-54f0-4d24-8003-de8907526e1c,True,,0.0,0.1999999999999318,,,completed
2025-08-08T11:37:51.116000,pnl,unknown,BNBUSDT,Buy,784.6,2.96,,0,,94b162bf-fc5a-4959-8a84-694fe0a7f8c1,,,-0.041144,0,0,,,completed
2025-08-08T11:36:01.806000,trade,unknown,BNBUSDT,Sell,784.9,2.96,2323.304,0.4646608,,aaab244c-a3e3-4f28-82ce-43cf0ccb633c,d2514652-57f2-4c42-b839-b26c134bba56,True,,0.0,0.1999999999999318,,,completed
2025-08-08T11:35:37.186000,trade,unknown,BNBUSDT,Buy,784.6,5.92,4644.832,0.9289664,,a46fcbe3-9d96-4900-8ca2-62be968329c0,2310610d-b901-4e97-b7d6-dc1db67fe476,True,,0.0,0.10000000000002274,,,completed
2025-08-08T11:35:37.186000,pnl,unknown,BNBUSDT,Buy,784.6,5.92,,0,,a46fcbe3-9d96-4900-8ca2-62be968329c0,,,4.6527648,0,0,,,completed
2025-08-08T11:26:37.066000,trade,unknown,SOLUSDT,Sell,175.21,0.2,35.042,0.0070084,,0977685d-89f2-4496-b8e5-90d193142f89,dcda3b29-195b-4311-8a99-165b01c005b7,True,,0.0,0.10500000000001819,,,completed
2025-08-08T11:20:24.076000,trade,unknown,BNBUSDT,Sell,785.4,2.96,2324.784,0.4649568,,d69ba027-371a-4caa-bdac-69b1901f1647,53d27de5-1e3a-49c6-a446-952b007c195b,True,,0.0,0.13999999999998636,,,completed
2025-08-08T11:19:13.176000,trade,unknown,BNBUSDT,Sell,786,2.96,2326.56,0.465312,,7a2ed1b0-93d8-4653-bc30-583cb0c1b606,16b23630-60ec-47a8-9123-a416498ec2e7,True,,0.0,0.0,,,completed
2025-08-08T11:11:47.842000,trade,unknown,LINKUSDT,Sell,19.301,1039.4,20061.4594,4.01229188,,5ffd928e-35ca-4061-9446-0cf1c6f8828b,8dc4ea33-1f21-482c-9204-b47748536cf1,True,,0.0,0.003999999999997783,,,completed
2025-08-08T11:11:47.842000,pnl,unknown,LINKUSDT,Sell,19.301,1039.4,,0,,5ffd928e-35ca-4061-9446-0cf1c6f8828b,,,116.2085579,0,0,,,completed
2025-08-08T10:59:17.307000,trade,unknown,BNBUSDT,Buy,786.6,5.92,4656.672,0.9313344,,0613d201-6eed-4e33-bbc9-58773ce25d7a,83058b11-b534-41c8-9c86-82f389e72d98,True,,0.0,0.1999999999999318,,,completed
2025-08-08T10:59:17.307000,pnl,unknown,BNBUSDT,Buy,786.6,5.92,,0,,0613d201-6eed-4e33-bbc9-58773ce25d7a,,,-2.1586096,0,0,,,completed
2025-08-08T10:56:21.341000,trade,unknown,ARBUSDT,Buy,0.4226,9463,3999.0638,0.79981276,,e1957475-904b-4caf-85dd-e2e0cadcbcaf,3ab04bab-d11e-42f1-a0bb-fa9a3004dee4,True,,0.0,0.00020000000000003348,,,completed
2025-08-08T10:55:52.427000,trade,unknown,BNBUSDT,Sell,786.6,2.96,2328.336,0.4656672,,b2afe265-a8f5-4baa-9afa-4be1661f56cf,df246cf8-4ec3-4770-8faa-af084db55297,True,,0.0,0.20000000000004547,,,completed
2025-08-08T10:55:06.157000,trade,unknown,BNBUSDT,Sell,786.5,2.96,2328.04,0.465608,,6940b9b2-5e18-45fb-8eef-d57eaa77eec7,346ddb10-d62e-4193-b5ba-8bab99ac8849,True,,0.0,0.20000000000004547,,,completed
2025-08-08T10:54:01.028000,trade,unknown,LINKUSDT,Buy,19.194,519.7,9975.1218,1.99502436,,6f02bdd1-7937-4fd0-a44e-50da3f937b81,847b9fb4-e2cb-42d9-b0ce-0410d5332c49,True,,0.0,0.004000000000001336,,,completed
2025-08-08T10:52:47.286000,trade,unknown,LINKUSDT,Buy,19.169,519.7,9962.1293,1.99242586,,8fdbda20-f178-4f6b-8c3d-a82f44d98c4c,7ab20690-eaa6-4e82-b863-b839ab2de479,True,,0.0,0.003999999999997783,,,completed
2025-08-08T10:44:17.746000,trade,unknown,DOGEUSDT,Buy,0.22284,21221,4728.88764,2.60088821,,8f86b63a-59f0-40f5-88be-8ca53c8fe766,09abfe1c-dbd5-4e7b-ae18-e7d4b32d8571,False,,-4.7529,2.0000000000020002e-05,,,completed
2025-08-08T10:44:17.746000,pnl,unknown,DOGEUSDT,Buy,0.22284,21221,,0,,8f86b63a-59f0-40f5-88be-8ca53c8fe766,,,29.55147331,0,0,,,completed
2025-08-08T10:27:03.234000,trade,unknown,LTCUSDT,Buy,123.53,18.8,2322.364,0.4644728,,b313aade-bde0-4332-b498-beaa2855fb43,37d4b8e8-47ad-448b-8385-f054aa41412b,True,,0.0,0.010000000000005116,,,completed
2025-08-08T10:26:01.248000,trade,unknown,DOGEUSDT,Sell,0.2244,21221,4761.9924,0.95239848,,1d71c8a3-6c3f-4fcb-89b0-f544f5cd7284,594d8fd7-40ce-4780-a58b-f5a6e1bb2cf1,True,,0.0,9.999999999998899e-05,,,completed
2025-08-08T10:24:38.528000,trade,unknown,ARBUSDT,Buy,0.4258,9344,3978.6752,0.79573504,,6823c8f7-4d89-4668-a045-404357a6ca0d,dd639569-10a7-444a-995f-a8cce9f07777,True,,0.0,9.999999999998899e-05,,,completed
2025-08-08T10:24:38.528000,pnl,unknown,ARBUSDT,Buy,0.4258,9344,,0,,6823c8f7-4d89-4668-a045-404357a6ca0d,,,18.49537344,0,0,,,completed
2025-08-08T10:08:24.708000,trade,unknown,ARBUSDT,Sell,0.4281,9344,4000.1664,2.20009152,,f2b23c1f-c3cc-400e-b250-ebe49f311f81,bf2eb312-b939-4f5f-80d7-655996a19ba0,False,,-0.0234,0.0,,,completed
2025-08-08T10:00:04.516000,trade,unknown,SOLUSDT,Sell,177.07,0.2,35.414,0.0070828,,8dc7818f-4fe3-4119-9050-b6bf1ce60fd9,b7a6c3a4-24a0-4101-84d9-e57e9e69c42e,True,,0.0,0.016999999999995907,,,completed
2025-08-08T10:00:04.516000,pnl,unknown,SOLUSDT,Sell,177.07,0.2,,0,,8dc7818f-4fe3-4119-9050-b6bf1ce60fd9,,,-0.0617158,0,0,,,completed
2025-08-08T10:00:00.168000,trade,unknown,ARBUSDT,Buy,0.4259,9410,4007.719,0.8015438,,1fedd504-f7d2-4b87-9107-d180e4a6153b,a3d62db9-7079-4573-a49d-22c149a5169f,True,,0.0,9.999999999998899e-05,,,completed
2025-08-08T10:00:00.168000,pnl,unknown,ARBUSDT,Buy,0.4259,9410,,0,,1fedd504-f7d2-4b87-9107-d180e4a6153b,,,-9.6695278,0,0,,,completed
2025-08-08T10:00:00,trade,unknown,ARBUSDT,Sell,0.426,9410,4008.66,-0.400866,,5243cbe5-a0cf-43ac-b0cf-7bd47fdbbd36,a31eb4d9-e54c-4f1b-b89a-9fcc4e8956db,False,,0,0.0,,,completed
2025-08-08T10:00:00,trade,unknown,SOLUSDT,Buy,177.07,0.2,35.414,0.0035414,,de32823d-711f-4396-ab44-84e33084a5f2,ff7550ad-93fb-420f-8249-c5fe2e6811f0,False,,0,0.2740000000000009,,,completed
2025-08-08T09:59:54.570000,trade,unknown,LINKUSDT,Sell,19.324,415.9,8036.8516,4.42026838,,ac43d568-b8b9-46d0-aff7-125ca60d9430,ed60acf7-fe0e-455b-993c-bedd626f5fae,False,,-0.0052,0.0010000000000012221,,,completed
2025-08-08T09:59:54.570000,pnl,unknown,LINKUSDT,Sell,19.324,415.9,,0,,ac43d568-b8b9-46d0-aff7-125ca60d9430,,,225.25900938,0,0,,,completed
2025-08-08T09:59:51.341000,trade,unknown,DOTUSDT,Sell,3.9189,892.4,3497.22636,1.9234745,,1abc49c7-a85c-4a89-a916-298d5666da24,796b0b6b-8668-4e8e-a139-743f486258e7,False,,0.0,0.0,,,completed
2025-08-08T09:59:51.341000,pnl,unknown,DOTUSDT,Sell,3.9189,892.4,,0,,1abc49c7-a85c-4a89-a916-298d5666da24,,,51.46733611,0,0,,,completed
2025-08-08T09:55:04.650000,trade,unknown,SOLUSDT,Buy,177.29,0.2,35.458,0.0070916,,3c184c60-d22b-4c5a-b99b-40143a74a530,b7d44a88-b962-4c9c-8878-954bad0bf7b3,True,,0.0,0.18200000000001637,,,completed
2025-08-08T09:52:55.686000,pnl,unknown,BNBUSDT,Buy,789.8,5.9,,0,,e990b690-7c36-4443-b8e7-0607519f2f5d,,,-1.568987,0,0,,,completed
2025-08-08T09:52:55.685000,trade,unknown,BNBUSDT,Buy,789.8,5.9,4659.82,0.931964,,e990b690-7c36-4443-b8e7-0607519f2f5d,eb435383-fbd0-4a53-9ea6-a5b6c4ba5cf7,True,,0.0,0.20000000000004547,,,completed
2025-08-08T09:51:41.645000,trade,unknown,BNBUSDT,Sell,790,2.95,2330.5,0.4661,,2f89f65f-d154-4da7-b3b9-3e59b853b543,7f088c65-60b9-404e-9f08-f5af19c00c92,True,,0.0,0.11000000000001364,,,completed
2025-08-08T09:51:01.835000,trade,unknown,BNBUSDT,Sell,789.7,2.95,2329.615,0.465923,,bcd82d64-c705-4087-86b5-384dd5e3ac25,91ceac3b-21d8-4afa-acdc-00543474aa9d,True,,0.0,0.05000000000006821,,,completed
2025-08-08T09:49:01.999000,trade,unknown,BNBUSDT,Buy,790,2.95,2330.5,1.281775,,13bbddd8-aab0-4252-aaba-4345b5439ca5,4492dee4-e0a5-4a70-be81-6b21844f7bb1,False,,-4.7619,0.0,,,completed
2025-08-08T09:49:01.999000,pnl,unknown,BNBUSDT,Buy,790,2.95,,0,,13bbddd8-aab0-4252-aaba-4345b5439ca5,,,-3.22258,0,0,,,completed
2025-08-08T09:47:58.676000,trade,unknown,BNBUSDT,Sell,789.5,2.95,2329.025,0.465805,,8b666783-0760-4a5c-9b9f-bc6d7890919e,43bef28d-0a58-44f5-8302-ac23ea9352b9,True,,0.0,0.2599999999999909,,,completed
2025-08-08T09:46:58.967000,trade,unknown,DOGEUSDT,Buy,0.2241,21331,4780.2771,0.95605542,,ab71bf83-90fb-4dac-9877-660dbc5e4841,1630ec43-facb-4975-a2ac-7d5532fe6e6f,True,,0.0,4.999999999999449e-05,,,completed
2025-08-08T09:46:58.967000,pnl,unknown,DOGEUSDT,Buy,0.2241,21331,,0,,ab71bf83-90fb-4dac-9877-660dbc5e4841,,,-21.10617126,0,0,,,completed
2025-08-08T09:40:21.468000,trade,unknown,BNBUSDT,Sell,789.8,2.94,2322.012,1.2771066,,0dd929af-63be-49c3-97a1-1e9aa0a82359,8a14886d-0aac-4a31-9d20-a10b84d90517,False,,-5.2365,0.12000000000000455,,,completed
2025-08-08T09:40:21.468000,pnl,unknown,BNBUSDT,Sell,789.8,2.94,,0,,0dd929af-63be-49c3-97a1-1e9aa0a82359,,,-2.9177442,0,0,,,completed
2025-08-08T09:39:16.026000,trade,unknown,BNBUSDT,Buy,790.2,2.94,2323.188,0.4646376,,c2b8bb12-465a-41ff-86ce-bc9a3ea828be,c13aab95-e6d1-424e-a131-2e9c27d72c36,True,,0.0,0.1999999999999318,,,completed
2025-08-08T09:30:02.044000,trade,unknown,BNBUSDT,Buy,789.9,5.9,4660.41,2.5632255,,b95ca145-f09c-432c-ab6f-179b9d6e343e,418be067-875f-4feb-8b1c-8e21747895e1,False,,-4.751,0.0,,,completed
2025-08-08T09:30:02.044000,pnl,unknown,BNBUSDT,Buy,789.9,5.9,,0,,b95ca145-f09c-432c-ab6f-179b9d6e343e,,,-4.3801305,0,0,,,completed
2025-08-08T09:28:29.557000,trade,unknown,BNBUSDT,Sell,789.8,2.95,2329.91,0.465982,,6b10830e-b636-49f0-bb5b-d4edb8f2e5d8,cca7ff5f-38ae-4f87-ae29-39ff7e01811b,True,,0.0,0.1999999999999318,,,completed
2025-08-08T09:28:20.687000,trade,unknown,BNBUSDT,Sell,789.7,2.95,2329.615,0.465923,,2ae15e09-4fb9-4a33-a762-2277bd9d7541,5f8c6a8e-15e0-4021-bef9-3b952f635b1e,True,,0.0,0.10000000000002274,,,completed
2025-08-08T09:23:41.868000,trade,unknown,BNBUSDT,Sell,789.5,2.94,2321.13,1.2766215,,b3ef9024-22cd-4edb-9b3b-d5f42b1168a0,045fd90d-1e7f-459d-a919-febc710b34e6,False,,-5.2386,0.13999999999998636,,,completed
2025-08-08T09:23:41.868000,pnl,unknown,BNBUSDT,Sell,789.5,2.94,,0,,b3ef9024-22cd-4edb-9b3b-d5f42b1168a0,,,-1.7408475,0,0,,,completed
2025-08-08T09:23:39.887000,trade,unknown,BNBUSDT,Buy,789.5,2.94,2321.13,0.464226,,ed5de136-b9f3-4a74-8757-4c8bf56db8d2,a936a01f-7623-4f03-9909-b620b5832364,True,,0.0,0.22000000000002728,,,completed
2025-08-08T09:22:39.082000,trade,unknown,BNBUSDT,Sell,789.5,2.94,2321.13,1.2766215,,af8de5b2-3e86-4a6c-b7fd-d6013641ce48,e3079121-c6cb-4f0a-8a1b-89ead98b48be,False,,-5.2526,0.01999999999998181,,,completed
2025-08-08T09:22:39.082000,pnl,unknown,BNBUSDT,Sell,789.5,2.94,,0,,af8de5b2-3e86-4a6c-b7fd-d6013641ce48,,,-1.7408475,0,0,,,completed
2025-08-08T09:22:37.527000,trade,unknown,BNBUSDT,Buy,789.5,2.94,2321.13,0.464226,,4d23ab3a-1c98-4e4e-9fda-bb965924ea60,5036740d-29ce-4603-b1d3-b276f17ffb80,True,,0.0,0.20000000000004547,,,completed
2025-08-08T09:22:04.099000,trade,unknown,BNBUSDT,Sell,789.3,2.95,2328.435,1.28063925,,ec59ceac-9645-4dee-93ff-d3cfbc10c109,c09b9ba2-e49f-4eef-a0ce-5233bc387133,False,,-5.24,0.11000000000001364,,,completed
2025-08-08T09:22:04.099000,pnl,unknown,BNBUSDT,Sell,789.3,2.95,,0,,ec59ceac-9645-4dee-93ff-d3cfbc10c109,,,-1.74632625,0,0,,,completed
2025-08-08T09:22:02.650000,trade,unknown,BNBUSDT,Buy,789.3,2.95,2328.435,0.465687,,2843fa56-1a61-42e1-a9bb-7c9556e00250,daf4398c-9854-4009-ac86-e5e3f8fd19f5,True,,0.0,0.20000000000004547,,,completed
2025-08-08T09:22:01.808000,trade,unknown,BNBUSDT,Sell,789.5,5.89,4650.155,2.55758525,,28df2e77-731e-405a-bd47-303dc4dd301e,75b3f288-ad26-491a-b26f-d522effad912,False,,-5.2526,0.0,,,completed
2025-08-08T09:22:01.808000,pnl,unknown,BNBUSDT,Sell,789.5,5.89,,0,,28df2e77-731e-405a-bd47-303dc4dd301e,,,-3.48661605,0,0,,,completed
2025-08-08T09:21:34.650000,trade,unknown,BNBUSDT,Buy,789.4,2.95,2328.73,0.465746,,800e7d00-0e7f-4984-83be-3680b336315b,7f05e9aa-e3ea-4002-9bbe-e303679ff6d3,True,,0.0,0.40999999999996817,,,completed
2025-08-08T09:21:13.817000,trade,unknown,BNBUSDT,Buy,789.6,2.94,2321.424,0.4642848,,5c6e23cb-a8cc-4282-ba5f-99111afbb73b,f63fc5d9-5c4f-465f-834b-1c32cc1d5666,True,,0.0,0.2099999999999227,,,completed
2025-08-08T09:17:44.418000,trade,unknown,ARBUSDT,Sell,0.425,9410,3999.25,0.79985,,3f81f6d4-8fdd-4ee7-a792-af75aca5913c,1d9804b4-7c58-4079-8d57-4930cc003851,True,,0.0,0.0,,,completed
2025-08-08T09:15:29.988000,trade,unknown,ARBUSDT,Buy,0.4236,9493,4021.2348,0.80424696,,0811e954-1427-407f-a3d6-36a6cf49bd96,453a12fa-af10-4deb-b678-f897f403b248,True,,0.0,0.00020000000000003348,,,completed
2025-08-08T09:15:29.988000,pnl,unknown,ARBUSDT,Buy,0.4236,9493,,0,,0811e954-1427-407f-a3d6-36a6cf49bd96,,,-23.43802714,0,0,,,completed
2025-08-08T09:15:21.963000,trade,unknown,BNBUSDT,Buy,790,2.95,2330.5,1.281775,,4ff978f2-4265-449b-a5a3-aec2bba6c060,89827236-ad42-4072-9d12-04e4f1cef014,False,,-4.7734,0.10000000000002274,,,completed
2025-08-08T09:15:21.963000,pnl,unknown,BNBUSDT,Buy,790,2.95,,0,,4ff978f2-4265-449b-a5a3-aec2bba6c060,,,-1.452934,0,0,,,completed
2025-08-08T09:15:20.047000,trade,unknown,BNBUSDT,Sell,790.1,2.95,2330.795,0.466159,,f1c45bd2-9e33-4b72-ab24-62fb475a733f,f58ea860-ab60-44c8-a7bd-00d8ed344cba,True,,0.0,0.20000000000004547,,,completed
2025-08-08T09:15:08.447000,trade,unknown,BNBUSDT,Buy,789.9,5.9,4660.41,2.5632255,,af21b886-5da9-4a73-9331-3f9d3717c9dc,22c41f44-dbfc-4a3b-9506-54c4747e0e7f,False,,-4.751,0.0,,,completed
2025-08-08T09:15:08.447000,pnl,unknown,BNBUSDT,Buy,789.9,5.9,,0,,af21b886-5da9-4a73-9331-3f9d3717c9dc,,,-8.2143635,0,0,,,completed
2025-08-08T09:14:49.257000,trade,unknown,BNBUSDT,Sell,789.2,2.95,2328.14,0.465628,,ffffb81f-9761-4dab-bbc3-6c7bda8a2509,96923f43-dafe-41fa-9b81-a80b30c104c7,True,,0.0,0.20000000000004547,,,completed
2025-08-08T09:14:27.877000,trade,unknown,BNBUSDT,Sell,789,2.95,2327.55,0.46551,,c0e900d3-ba5b-4b8b-b309-655eb4ce06e7,b80c4182-bd8a-4828-b6dc-8986361789c8,True,,0.0,0.13999999999998636,,,completed
2025-08-08T09:05:25.557000,trade,unknown,ARBUSDT,Sell,0.4213,9493,3999.4009,0.79988018,,5391d67b-fb46-416c-89c2-c8990dda713f,15ad4210-e865-4839-bf49-687963c81beb,True,,0.0,0.0,,,completed
2025-08-08T09:04:15.047000,trade,unknown,BNBUSDT,Sell,789,2.94,2319.66,1.275813,,abd0a189-e057-4abf-8b50-99cd273ff463,fab70aa8-d9b3-42c8-8477-0f474c92980d,False,,-5.2421,0.10000000000002274,,,completed
2025-08-08T09:04:15.047000,pnl,unknown,BNBUSDT,Sell,789,2.94,,0,,abd0a189-e057-4abf-8b50-99cd273ff463,,,-1.739745,0,0,,,completed
2025-08-08T09:04:12.084000,trade,unknown,BNBUSDT,Buy,789,2.94,2319.66,0.463932,,960d088c-e6aa-4ba0-bc23-f871e2b06897,30993c4d-7895-4542-8647-d3f693896299,True,,0.0,0.20000000000004547,,,completed
2025-08-08T09:04:02.331000,trade,unknown,BNBUSDT,Sell,789.3,5.88,4641.084,2.5525962,,af4b9981-c7fe-4971-af30-a3e058e7420f,d5a91f4d-ebdf-420f-b8c3-f72be23c9dff,False,,-5.254,0.0,,,completed
2025-08-08T09:04:02.331000,pnl,unknown,BNBUSDT,Sell,789.3,5.88,,0,,af4b9981-c7fe-4971-af30-a3e058e7420f,,,-5.5392246,0,0,,,completed
2025-08-08T09:03:06.806000,trade,unknown,BNBUSDT,Buy,789.6,2.94,2321.424,0.4642848,,a9585175-04a5-4051-9b08-4cadc0c11569,51b9e5b5-231b-43ad-b8ff-e1cf267c3ab5,True,,0.0,0.1999999999999318,,,completed
2025-08-08T09:03:04.376000,trade,unknown,BNBUSDT,Buy,789.7,2.94,2321.718,0.4643436,,c2c11766-4043-4de3-a7f8-f9b6e7361688,1a73e0df-98a1-4252-8b2d-d10f0951ae33,True,,0.0,0.09999999999990905,,,completed
2025-08-08T09:00:16.678000,trade,unknown,ARBUSDT,Sell,0.4234,9545,4041.353,0.8082706,,c5abceb3-2b60-46b6-b392-c5e00c1d2f20,2e0a1ead-7591-4a7e-ae1f-68279d88db4e,True,,0.0,0.0,,,completed
2025-08-08T09:00:16.678000,pnl,unknown,ARBUSDT,Sell,0.4234,9545,,0,,c5abceb3-2b60-46b6-b392-c5e00c1d2f20,,,40.3898584,0,0,,,completed
2025-08-08T08:10:05.617000,trade,unknown,BNBUSDT,Sell,784,5.92,4641.28,0.928256,,45119cfb-3c33-4f16-b0c7-5b31821bc0e5,1bbd42bd-eb15-4d40-a6be-c637044c6851,True,,0.0,0.19000000000005457,,,completed
2025-08-08T08:10:05.617000,pnl,unknown,BNBUSDT,Sell,784,5.92,,0,,45119cfb-3c33-4f16-b0c7-5b31821bc0e5,,,-6.8895184,0,0,,,completed
2025-08-08T08:08:36.207000,trade,unknown,BNBUSDT,Buy,784.7,2.96,2322.712,0.4645424,,dd367d67-74ec-4978-bc46-5579a7cb5cd5,ab35cfc6-8bcc-46c8-8d3d-205d2e856c32,True,,0.0,0.25,,,completed
2025-08-08T08:07:59.817000,trade,unknown,BNBUSDT,Buy,785,2.96,2323.6,0.46472,,60561184-f87e-46ca-a2e1-0967c82c2fa7,be8057ce-8a78-4711-ab1c-ae3601c8cb99,True,,0.0,0.2999999999999545,,,completed
2025-08-08T08:00:10.457000,trade,unknown,BNBUSDT,Buy,785,5.92,4647.2,0.92944,,07758073-71a3-4788-9e21-968d0536b9ca,fb3dc00e-6f1f-4c1b-99b1-5c72cb1df48a,True,,0.0,0.10000000000002274,,,completed
2025-08-08T08:00:10.457000,pnl,unknown,BNBUSDT,Buy,785,5.92,,0,,07758073-71a3-4788-9e21-968d0536b9ca,,,-3.0426432,0,0,,,completed
2025-08-08T07:36:20.156000,trade,unknown,LINKUSDT,Buy,18.768,415.9,7805.6112,1.56112224,,aad611d6-24c8-4e2c-87ec-e7014af94138,37de37f8-b321-4468-b9c2-f5a34e34a268,True,,0.0,0.003999999999997783,,,completed
2025-08-08T07:35:38.477000,pnl,unknown,LINKUSDT,Sell,18.773,891,,0,,3042c584-f6f4-4d10-8a7d-24c65840ecaf,,,-61.6466862,0,0,,,completed
2025-08-08T07:35:38.476000,trade,unknown,LINKUSDT,Sell,18.773,891,16726.743,3.3453486,,3042c584-f6f4-4d10-8a7d-24c65840ecaf,14aff8da-6d2a-47d8-b597-7066a3ea6a5b,True,,0.0,0.0,,,completed
2025-08-08T07:31:23.396000,trade,unknown,BNBUSDT,Sell,784.9,2.96,2323.304,0.4646608,,e66beaca-a259-4035-ac13-ce07b9243329,5413405a-055e-4a1c-9261-84f921669526,True,,0.0,0.1999999999999318,,,completed
2025-08-08T07:30:23.146000,trade,unknown,BNBUSDT,Sell,784.7,2.96,2322.712,0.4645424,,6195b772-74db-4d17-8531-8b30ffb3f0cb,a54bb271-8b06-4197-9fce-bb62404e397c,True,,0.0,0.19000000000005457,,,completed
